Job Title,Location,Skills
Data Scientist,New York,"Python, Machine Learning, SQL, Statistics"
Software Engineer,San Francisco,"Java, AWS, Microservices, Git"
Data Analyst,Austin,"Excel, SQL, Tableau, Communication"
Machine Learning Engineer,New York,"Python, TensorFlow, PyTorch, Deep Learning"
Backend Developer,San Francisco,"Node.js, MongoDB, Express, Docker"
Data Scientist,Austin,"Python, SQL, Pandas, Communication"
Full Stack Developer,New York,"React, Node.js, AWS, CI/CD"
Data Engineer,San Francisco,"Python, Spark, Hadoop, Airflow"
Data Analyst,New York,"SQL, Excel, Power BI, Communication"
Machine Learning Engineer,Austin,"Python, Scikit-learn, TensorFlow, NLP"
